,grouped_feat,imp
0,0,0.04207370930918394
1,1,0.03764909888660793
2,2,0.21573502965343677
3,3,0.14743232619839447
4,4,0.39500201318700734
5,5,0.01344386452680586
6,6,0.06914421754983534
7,7,0.07951974068872843
