,grouped_feat,imp
0,0,0.10310053428833447
1,1,0.20564477001824435
2,2,0.32617025090732465
3,3,0.04745426470841809
4,4,0.20518863418860342
5,5,0.11244154588907508
