{
    "acc_train": 0.7893013100436681,
    "precision_macro_train": 0.7905633515400965,
    "recall_macro_train": 0.7908882705658452,
    "f1_macro_train": 0.7892922695525733,
    "precision_micro_train": 0.7893013100436681,
    "recall_micro_train": 0.7893013100436681,
    "f1_micro_train": 0.7893013100436681,
    "precision_weighted_train": 0.7922843172170443,
    "recall_weighted_train": 0.7893013100436681,
    "f1_weighted_train": 0.7893600732357848,
    "acc_test": 0.7320754716981132,
    "precision_macro_test": 0.733099234897796,
    "recall_macro_test": 0.7326210826210826,
    "f1_macro_test": 0.7320144141064536,
    "precision_micro_test": 0.7320754716981132,
    "recall_micro_test": 0.7320754716981132,
    "f1_micro_test": 0.7320754716981132,
    "precision_weighted_test": 0.7334929899745971,
    "recall_weighted_test": 0.7320754716981132,
    "f1_weighted_test": 0.7319380921168791
}