,grouped_feat,imp
0,0,0.0
1,1,0.07063490205144601
2,2,0.0
3,3,0.3377602891197066
4,4,0.36918723589748836
5,5,0.01682800879600123
6,6,0.10622326003115208
7,7,0.04900078457238856
8,8,0.05036551953181708
