{
    "acc_train": 0.7415384615384616,
    "precision_macro_train": 0.7416527228475813,
    "recall_macro_train": 0.7408284696429925,
    "f1_macro_train": 0.7409867172675522,
    "precision_micro_train": 0.7415384615384616,
    "recall_micro_train": 0.7415384615384616,
    "f1_micro_train": 0.7415384615384616,
    "precision_weighted_train": 0.7416037537151015,
    "recall_weighted_train": 0.7415384615384616,
    "f1_weighted_train": 0.7413177638300978,
    "acc_test": 0.6222222222222222,
    "precision_macro_test": 0.6388888888888888,
    "recall_macro_test": 0.635,
    "f1_macro_test": 0.6214745175655616,
    "precision_micro_test": 0.6222222222222222,
    "recall_micro_test": 0.6222222222222222,
    "f1_micro_test": 0.6222222222222222,
    "precision_weighted_test": 0.6481481481481481,
    "recall_weighted_test": 0.6222222222222222,
    "f1_weighted_test": 0.61960525592391
}